{
	"tempHash": "00097AA87B144150",
	"tbluHash": "00E738E7CF7A35E1",
	"patch": [
		{
			"SubEntityOperation": [
				"d519be11a2f1ea09",
				{
					"SetFactory": "[assembly:/_pro/characters/templates/hero/agent47/agent47_outfits.template?/charset_agent47_combatgear.entitytemplate].pc_entitytype"
				}
			]
		},
		{
			"SubEntityOperation": [
				"d519be11a2f1ea09",
				{
					"SetBlueprint": "[assembly:/_pro/characters/templates/hero/agent47/agent47_outfits.template?/charset_agent47_combatgear.entitytemplate].pc_entityblueprint"
				}
			]
		},
		{
			"SubEntityOperation": [
				"aced1f8ec5cf3f65",
				{
					"SetPropertyValue": {
						"property_name": "m_eSoundFootwearType",
						"value": "EFWT_SWAT_BOOTS"
					}
				}
			]
		},
		{
			"SubEntityOperation": [
				"aced1f8ec5cf3f65",
				{
					"SetPropertyValue": {
						"property_name": "m_eOutfitAICategory",
						"value": "OAC_SpecOps"
					}
				}
			]
		}
	],
	"patchVersion": 6
}
