{
	"tempHash": "00C378FB43474D45",
	"tbluHash": "001F6534F233C4D1",
	"rootEntity": "8d2dd8c9d88913be",
	"entities": {
		"8d2dd8c9d88913be": {
			"parent": null,
			"name": "OUTFIT_Agent47_specialops_Gloves_HeroA_v0",
			"factory": "[assembly:/templates/aspectdummy.aspect]([modules:/zlinkedproxyentity.class].entitytype,[modules:/zclothcharacterentity.class].entitytype,[modules:/zheroidlenetworkaspect.class].entitytype).pc_entitytype",
			"blueprint": "[assembly:/templates/aspectdummy.aspect]([modules:/zlinkedproxyentity.class].entitytype,[modules:/zclothcharacterentity.class].entitytype,[modules:/zheroidlenetworkaspect.class].entitytype).pc_entityblueprint",
			"properties": {
				"m_ResourceID": {
					"type": "ZRuntimeResourceID",
					"value": null
				},
				"m_fLODScale": { "type": "float32", "value": 1.0 },
				"m_mTransform": {
					"type": "SMatrix43",
					"value": {
						"rotation": {
							"x": -0.0,
							"y": 0.0,
							"z": 2.078573832754041
						},
						"position": {
							"x": 40.983638763427734,
							"y": 4.180305004119873,
							"z": 0.0
						}
					}
				},
				"m_pBonesAndCollisionResource": {
					"type": "ZRuntimeResourceID",
					"value": {
						"resource": "0017416135CF879C",
						"flag": "5F"
					}
				},
				"m_bUsePerVertexStiffness": {
					"type": "bool",
					"value": true
				},
				"m_LocalColliders": {
					"type": "TArray<SEntityTemplateReference>",
					"value": []
				},
				"m_bGlobalCollidersEnabled": {
					"type": "bool",
					"value": false
				},
				"m_fDamping": { "type": "float32", "value": 1.0 },
				"m_fBendStiffness": { "type": "float32", "value": 1.0 },
				"m_bUsePerVertexDamping": {
					"type": "bool",
					"value": true
				},
				"m_fShearStiffness": { "type": "float32", "value": 1.0 },
				"m_bUseSkinningPosNormalConstrains": {
					"type": "bool",
					"value": true
				},
				"m_bUseSkinningNegNormalConstrains": {
					"type": "bool",
					"value": true
				},
				"m_nIterations": { "type": "uint32", "value": 2 },
				"m_fFrequency": { "type": "float32", "value": 90.0 },
				"m_vTranslationScale": {
					"type": "SVector3",
					"value": {
						"x": 0.10000000149011612,
						"y": 0.10000000149011612,
						"z": 0.10000000149011612
					}
				},
				"m_vGravity": {
					"type": "SVector3",
					"value": { "x": 0.0, "y": 0.0, "z": -13.0 }
				},
				"m_fLODOffset": { "type": "float32", "value": 100.0 },
				"m_fDragConstant": { "type": "float32", "value": 1.0 },
				"m_eStretchConstrainType": {
					"type": "EClothStretchConstrainType",
					"value": "eClothBendConstrainType_LRA"
				},
				"m_fAngularVelocityThreshold": {
					"type": "float32",
					"value": 60.0
				},
				"m_eRootBone": {
					"type": "BoneId.Enum",
					"value": "PELVIS"
				},
				"m_bEnableAngularVelocityScale": {
					"type": "bool",
					"value": true
				},
				"m_eBendConstrainType": {
					"type": "EClothBendConstrainType",
					"value": "eClothBendConstrainType_Triangle"
				},
				"m_bRandomStartState": { "type": "bool", "value": true },
				"m_fWindConstant": {
					"type": "float32",
					"value": 0.10000000149011612
				},
				"m_bSimulationEnabled": { "type": "bool", "value": true },
				"m_aBodyParts": {
					"type": "TArray<SEntityTemplateReference>",
					"value": [
						"90d4e96ef78c930f",
						"cafef0dd5434fb65",
						"cafea7ee8c05eef6",
						"cafe2e6538b9e37b",
						"cafe071d4f76f505",
						"cafee85d4febb2a8"
					],
					"postInit": true
				}
			}
		},
		"90d4e96ef78c930f": {
			"parent": "8d2dd8c9d88913be",
			"name": "Head_47",
			"factory": "00537D16B5CE7286",
			"blueprint": "00F2E4A932ECAA63"
		},
		"cafef0dd5434fb65": {
			"parent": "8d2dd8c9d88913be",
			"name": "Sweater_Fleece_Tkd",
			"factory": "00EB2B559C8F572A",
			"blueprint": "005613FBDC0EC79B",
			"properties": {
				"Diffuse_Color_01_Value": {
					"type": "SColorRGB",
					"value": "#2f3c16"
				}
			}
		},
		"cafea7ee8c05eef6": {
			"parent": "8d2dd8c9d88913be",
			"name": "Gloves_Leather",
			"factory": "00BEE701448762C1",
			"blueprint": "005D2B1CBD509E61",
			"properties": {
				"Diffuse_Color_01_Value": {
					"type": "SColorRGB",
					"value": "#3c2817"
				}
			}
		},
		"cafe2e6538b9e37b": {
			"parent": "8d2dd8c9d88913be",
			"name": "Belt_StrapBuckle",
			"factory": "0017355DDB3D75A3",
			"blueprint": "005F1B0540C7F863",
			"properties": {
				"Diffuse_Color_01_Value": {
					"type": "SColorRGB",
					"value": "#3b2914"
				}
			}
		},
		"cafe071d4f76f505": {
			"parent": "8d2dd8c9d88913be",
			"name": "Pants_Cargo_Regular",
			"factory": "00B8AAA07D811A74",
			"blueprint": "00E01ABDF1DA56C8",
			"properties": {
				"Texture2D_01": {
					"type": "ZRuntimeResourceID",
					"value": {
						"resource": "[assembly:/_pro/characters/assets/guards/colorado/militia_basic/textures/male_reg_militia_basic_02_pants.texture?/diffuse_b.tex](ascolormap).pc_tex",
						"flag": "5F"
					}
				},
				"ConstantVector1D_01_Value": {
					"type": "float32",
					"value": 0.5
				},
				"Diffuse_Color_01_Value": {
					"type": "SColorRGB",
					"value": "#3f3f3f"
				}
			}
		},
		"cafee85d4febb2a8": {
			"parent": "8d2dd8c9d88913be",
			"name": "Shoes_Boots_Military",
			"factory": "00A7DC37E14B3676",
			"blueprint": "000315500CD95840",
			"properties": {
				"Diffuse_Color_01_Value": {
					"type": "SColorRGB",
					"value": "#452d1c"
				}
			}
		},
		"cafe0674bec773d9": {
			"parent": "8d2dd8c9d88913be",
			"name": "FX_Hitman_Wet_Logic_Character",
			"factory": "0067CFB703A80787",
			"blueprint": "00AA88C960CD2080",
			"properties": {
				"HeadMaterialToOverride": {
					"type": "ZRuntimeResourceID",
					"value": {
						"resource": "009F7978C601815A",
						"flag": "5F"
					}
				},
				"HeadMaterialOverride": {
					"type": "TArray<SEntityTemplateReference>",
					"value": ["8d2dd8c9d88913be"],
					"postInit": true
				}
			},
			"events": {
				"HitmanWetness": {
					"T": [
						"cafe0615c094d032",
						"cafe1397a6d680d0",
						"cafecba0fe26f57d",
						"cafe00d37a2b0051"
					]
				}
			}
		},
		"cafecba0fe26f57d": {
			"parent": "cafe0674bec773d9",
			"name": "Lerp roughness fabric",
			"factory": "[modules:/zmathlerp.class].pc_entitytype",
			"blueprint": "[modules:/zmathlerp.class].pc_entityblueprint",
			"properties": {
				"m_A": { "type": "float32", "value": 1.0 },
				"m_fT": { "type": "float32", "value": 0.0 },
				"m_B": { "type": "float32", "value": 2.0 }
			},
			"events": { "Lerp": { "ConstantVector1D_14_Value": [] } }
		},
		"cafe1397a6d680d0": {
			"parent": "cafe0674bec773d9",
			"name": "Lerp bumpmap",
			"factory": "[modules:/zmathlerp.class].pc_entitytype",
			"blueprint": "[modules:/zmathlerp.class].pc_entityblueprint",
			"properties": {
				"m_fT": { "type": "float32", "value": 0.0 },
				"m_B": { "type": "float32", "value": 0.30000001192092896 }
			},
			"events": { "Lerp": { "ConstantVector1D_06_Value": [] } }
		},
		"cafe00d37a2b0051": {
			"parent": "cafe0674bec773d9",
			"name": "Lerp roughness other",
			"factory": "[modules:/zmathlerp.class].pc_entitytype",
			"blueprint": "[modules:/zmathlerp.class].pc_entityblueprint",
			"properties": {
				"m_B": { "type": "float32", "value": 0.4000000059604645 },
				"m_A": { "type": "float32", "value": 0.0 },
				"m_fT": { "type": "float32", "value": 0.0 }
			},
			"events": {
				"Lerp": {
					"ConstantVector1D_04_Value": [
						"90d4e96ef78c930f",
						"cafe2e6538b9e37b",
						"cafea7ee8c05eef6",
						"cafee85d4febb2a8"
					]
				}
			}
		},
		"cafe0615c094d032": {
			"parent": "cafe0674bec773d9",
			"name": "Lerp albedo",
			"factory": "[modules:/zmathlerp.class].pc_entitytype",
			"blueprint": "[modules:/zmathlerp.class].pc_entityblueprint",
			"properties": {
				"m_fT": { "type": "float32", "value": 0.0 },
				"m_B": { "type": "float32", "value": 0.20000000298023224 }
			},
			"events": { "Lerp": { "ConstantVector1D_01_Value": [] } }
		}
	},
	"propertyOverrides": [],
	"overrideDeletes": [],
	"pinConnectionOverrides": [],
	"pinConnectionOverrideDeletes": [],
	"externalScenes": [],
	"subType": "template",
	"quickEntityVersion": 3.1,
	"extraFactoryDependencies": [
		{
			"resource": "[assembly:/_pro/characters/assets/hero/agent47/textures/agent47_gloves_white.texture?/normal_a.tex](asnormalmap).pc_tex",
			"flag": "5F"
		},
		{
			"resource": "[assembly:/_pro/characters/assets/hero/agent47/textures/agent47_gloves_white.texture?/specular_a.tex](ascolormap).pc_tex",
			"flag": "5F"
		},
		{
			"resource": "[assembly:/_pro/characters/assets/hero/agent47/textures/agent47_gloves_white.texture?/diffuse_a.tex](ascolormap).pc_tex",
			"flag": "5F"
		},
		{ "resource": "00B40E9503CF9271", "flag": "5F" },
		{
			"resource": "[assembly:/_pro/characters/assets/individuals/paris/philip/textures/male_reg_philip_01_tie_01.texture?/specular_f.tex](ascolormap).pc_tex",
			"flag": "5F"
		},
		{
			"resource": "[assembly:/_pro/characters/assets/individuals/paris/philip/textures/male_reg_philip_01_tie_01.texture?/normal_a.tex](asnormalmap).pc_tex",
			"flag": "5F"
		},
		{ "resource": "00357C8C30F5EDF2", "flag": "5F" },
		{ "resource": "00324339E7353795", "flag": "5F" },
		{ "resource": "00C197DBB1B74FF6", "flag": "5F" },
		{ "resource": "007E2F6DB1068A8D", "flag": "5F" },
		{ "resource": "00AAD107E192CFAE", "flag": "5F" },
		{ "resource": "0063B05E0712FBB3", "flag": "5F" },
		{ "resource": "007D850436B0A092", "flag": "5F" },
		{ "resource": "00D247582859CA87", "flag": "5F" },
		{ "resource": "00D20CA72E352D16", "flag": "5F" },
		{ "resource": "001EE759F57B6DCE", "flag": "5F" },
		{ "resource": "0051A1136DC9485E", "flag": "5F" },
		{ "resource": "00E4CE86EE7A5CC2", "flag": "5F" },
		{ "resource": "00FFC5352D7A5D64", "flag": "5F" },
		{ "resource": "001083E516801F5E", "flag": "5F" },
		{ "resource": "002E38C4C7E4A025", "flag": "5F" },
		{ "resource": "00D8722973695FDC", "flag": "5F" },
		{ "resource": "00CCF189D80F8682", "flag": "5F" },
		{ "resource": "008352F84E1949F2", "flag": "5F" },
		{ "resource": "0062E48BEB6DF280", "flag": "5F" },
		{ "resource": "006A3CDF8C2ED4E6", "flag": "5F" },
		{ "resource": "006A40A918C06460", "flag": "5F" }
	],
	"extraBlueprintDependencies": [],
	"comments": []
}
