{
	"tempHash": "00097AA87B144150",
	"tbluHash": "00E738E7CF7A35E1",
	"patch": [
		{
			"SubEntityOperation": [
				"87873782bb54fe7b",
				{
					"SetPropertyValue": {
						"property_name": "m_eSoundFootwearType",
						"value": "EFWT_LEATHER"
					}
				}
			]
		},
		{
			"SubEntityOperation": [
				"87873782bb54fe7b",
				{
					"SetPropertyValue": {
						"property_name": "m_eOutfitAICategory",
						"value": "OAC_47Suit"
					}
				}
			]
		},
		{
			"SubEntityOperation": [
				"0e6a256f482578e7",
				{
					"SetFactory": "[assembly:/_pro/characters/templates/hero/agent47/agent47_outfits.template?/outfit_agent47_bluesuit.entitytemplate].pc_entitytype"
				}
			]
		},
		{
			"SubEntityOperation": [
				"0e6a256f482578e7",
				{
					"SetBlueprint": "[assembly:/_pro/characters/templates/hero/agent47/agent47_outfits.template?/outfit_agent47_bluesuit.entitytemplate].pc_entityblueprint"
				}
			]
		}
	],
	"patchVersion": 6
}
