{
	"tempHash": "00097AA87B144150",
	"tbluHash": "00E738E7CF7A35E1",
	"patch": [
		{
			"SubEntityOperation": [
				"7f684a308c2af1e3",
				{
					"SetFactory": "[assembly:/_pro/characters/templates/hero/agent47/agent47_outfits.template?/charset_agent47_marineoperative.entitytemplate].pc_entitytype"
				}
			]
		},
		{
			"SubEntityOperation": [
				"7f684a308c2af1e3",
				{
					"SetBlueprint": "[assembly:/_pro/characters/templates/hero/agent47/agent47_outfits.template?/charset_agent47_marineoperative.entitytemplate].pc_entityblueprint"
				}
			]
		},
		{
			"SubEntityOperation": [
				"1f5b03be13d3cb51",
				{
					"SetPropertyValue": {
						"property_name": "m_eSoundFootwearType",
						"value": "EFWT_BOOTS"
					}
				}
			]
		},
		{
			"SubEntityOperation": [
				"1f5b03be13d3cb51",
				{
					"SetPropertyValue": {
						"property_name": "m_eOutfitAICategory",
						"value": "OAC_Fallback"
					}
				}
			]
		}
	],
	"patchVersion": 6
}
