{
	"tempHash": "00097AA87B144150",
	"tbluHash": "00E738E7CF7A35E1",
	"patch": [
		{
			"SubEntityOperation": [
				"9232077575da60db",
				{
					"SetFactory": "[assembly:/_pro/characters/templates/hero/agent47/agent47_outfits.template?/charset_agent47_navyblue.entitytemplate].pc_entitytype"
				}
			]
		},
		{
			"SubEntityOperation": [
				"9232077575da60db",
				{
					"SetBlueprint": "[assembly:/_pro/characters/templates/hero/agent47/agent47_outfits.template?/charset_agent47_navyblue.entitytemplate].pc_entityblueprint"
				}
			]
		},
		{
			"SubEntityOperation": [
				"9ca982ff7d98e83c",
				{
					"SetPropertyValue": {
						"property_name": "m_eOutfitAICategory",
						"value": "OAC_47Suit"
					}
				}
			]
		}
	],
	"patchVersion": 6
}
