{
	"tempHash": "00F0878B8676A54B",
	"tbluHash": "0031F3F113D5AEC6",
	"rootEntity": "22ea5f8267450642",
	"entities": {
		"22ea5f8267450642": {
			"parent": null,
			"name": "OUTFIT_Agent47_blackmilitary_HeroA_V0",
			"factory": "[assembly:/templates/aspectdummy.aspect]([modules:/zlinkedproxyentity.class].entitytype,[modules:/zclothcharacterentity.class].entitytype,[modules:/zheroidlenetworkaspect.class].entitytype).pc_entitytype",
			"blueprint": "[assembly:/templates/aspectdummy.aspect]([modules:/zlinkedproxyentity.class].entitytype,[modules:/zclothcharacterentity.class].entitytype,[modules:/zheroidlenetworkaspect.class].entitytype).pc_entityblueprint",
			"properties": {
				"m_ResourceID": {
					"type": "ZRuntimeResourceID",
					"value": null
				},
				"m_fLODScale": { "type": "float32", "value": 1.0 },
				"m_mTransform": {
					"type": "SMatrix43",
					"value": {
						"rotation": { "x": -0.0, "y": 0.0, "z": -0.0 },
						"position": {
							"x": 39.068450927734375,
							"y": 4.066530227661133,
							"z": 0.0
						}
					}
				},
				"m_pBonesAndCollisionResource": {
					"type": "ZRuntimeResourceID",
					"value": {
						"resource": "0017416135CF879C",
						"flag": "5F"
					}
				},
				"m_bUsePerVertexStiffness": {
					"type": "bool",
					"value": true
				},
				"m_LocalColliders": {
					"type": "TArray<SEntityTemplateReference>",
					"value": []
				},
				"m_bGlobalCollidersEnabled": {
					"type": "bool",
					"value": false
				},
				"m_fDamping": { "type": "float32", "value": 1.0 },
				"m_fBendStiffness": { "type": "float32", "value": 1.0 },
				"m_bUsePerVertexDamping": {
					"type": "bool",
					"value": true
				},
				"m_fShearStiffness": { "type": "float32", "value": 1.0 },
				"m_bUseSkinningPosNormalConstrains": {
					"type": "bool",
					"value": true
				},
				"m_bUseSkinningNegNormalConstrains": {
					"type": "bool",
					"value": true
				},
				"m_nIterations": { "type": "uint32", "value": 2 },
				"m_fFrequency": { "type": "float32", "value": 90.0 },
				"m_vTranslationScale": {
					"type": "SVector3",
					"value": {
						"x": 0.10000000149011612,
						"y": 0.10000000149011612,
						"z": 0.10000000149011612
					}
				},
				"m_vGravity": {
					"type": "SVector3",
					"value": { "x": 0.0, "y": 0.0, "z": -13.0 }
				},
				"m_fLODOffset": { "type": "float32", "value": 100.0 },
				"m_fDragConstant": { "type": "float32", "value": 1.0 },
				"m_eStretchConstrainType": {
					"type": "EClothStretchConstrainType",
					"value": "eClothBendConstrainType_LRA"
				},
				"m_fAngularVelocityThreshold": {
					"type": "float32",
					"value": 60.0
				},
				"m_eRootBone": {
					"type": "BoneId.Enum",
					"value": "PELVIS"
				},
				"m_bEnableAngularVelocityScale": {
					"type": "bool",
					"value": true
				},
				"m_eBendConstrainType": {
					"type": "EClothBendConstrainType",
					"value": "eClothBendConstrainType_Triangle"
				},
				"m_bRandomStartState": { "type": "bool", "value": true },
				"m_fWindConstant": {
					"type": "float32",
					"value": 0.10000000149011612
				},
				"m_bSimulationEnabled": { "type": "bool", "value": true },
				"m_aBodyParts": {
					"type": "TArray<SEntityTemplateReference>",
					"value": [
						"ca9e86cfdaed4c16",
						"cafe84231f0a11aa",
						"cafea2e235a01483",
						"cafe72ab00a0a49e",
						"cafe9715c02fe171",
						"cafe5e32a28c8aa2",
						"cafeddd8340fff90",
						"cafe9db750c455e3",
						"cafe1490deb7bf60"
					],
					"postInit": true
				}
			}
		},
		"ca9e86cfdaed4c16": {
			"parent": "22ea5f8267450642",
			"name": "Head_47",
			"factory": "00537D16B5CE7286",
			"blueprint": "00F2E4A932ECAA63"
		},
		"cafec44e92901e6f": {
			"parent": "cafea71370762344",
			"name": "Pouch_Small_01",
			"factory": "004F0AFF899B63ED",
			"blueprint": "000C6BE825FDC6AB",
			"properties": {
				"m_mTransform": {
					"type": "SMatrix43",
					"value": {
						"rotation": {
							"x": -89.7109770256354,
							"y": 23.29987658472268,
							"z": -90.00037430016826
						},
						"position": {
							"x": 0.03949100151658058,
							"y": 0.06629099696874619,
							"z": -0.1494700014591217
						}
					}
				},
				"Diffuse_Color_01_Value": {
					"type": "SColorRGB",
					"value": "#2f2f2f"
				},
				"m_PrimitiveScale": {
					"type": "SVector3",
					"value": {
						"x": 1.0,
						"y": 1.0,
						"z": 1.4329400062561035
					}
				},
				"m_rLinkedProxyEntity": {
					"type": "SEntityTemplateReference",
					"value": "22ea5f8267450642",
					"postInit": true
				},
				"m_eidParent": {
					"type": "SEntityTemplateReference",
					"value": "cafea71370762344",
					"postInit": true
				}
			}
		},
		"cafea71370762344": {
			"parent": "22ea5f8267450642",
			"name": "Pelvis_Attacher",
			"factory": "[assembly:/templates/aspectdummy.aspect]([modules:/zcompositeentity.class].entitytype,[modules:/zboneattachaspect.class].entitytype).pc_entitytype",
			"blueprint": "[assembly:/templates/aspectdummy.aspect]([modules:/zcompositeentity.class].entitytype,[modules:/zboneattachaspect.class].entitytype).pc_entityblueprint",
			"properties": {
				"m_BoneName": { "type": "ZString", "value": "Pelvis" },
				"m_mTransform": {
					"type": "SMatrix43",
					"value": {
						"rotation": { "x": -0.0, "y": 0.0, "z": -0.0 },
						"position": {
							"x": 1.3418420152788713e-8,
							"y": 2.7745759467734388e-8,
							"z": 0.0
						}
					}
				},
				"m_linkedEntity": {
					"type": "SEntityTemplateReference",
					"value": "22ea5f8267450642",
					"postInit": true
				},
				"m_eidParent": {
					"type": "SEntityTemplateReference",
					"value": "22ea5f8267450642",
					"postInit": true
				}
			}
		},
		"cafedb247dd80d7c": {
			"parent": "cafea71370762344",
			"name": "Pouch_Small_02",
			"factory": "004F0AFF899B63ED",
			"blueprint": "000C6BE825FDC6AB",
			"properties": {
				"m_mTransform": {
					"type": "SMatrix43",
					"value": {
						"rotation": {
							"x": -89.70996240206846,
							"y": -12.71260634015563,
							"z": -89.99958885060641
						},
						"position": {
							"x": 0.03949199989438057,
							"y": -0.014394000172615051,
							"z": -0.1651500016450882
						}
					}
				},
				"Diffuse_Color_01_Value": {
					"type": "SColorRGB",
					"value": "#2f2f2f"
				},
				"m_PrimitiveScale": {
					"type": "SVector3",
					"value": {
						"x": 1.0,
						"y": 1.0,
						"z": 1.4329400062561035
					}
				},
				"m_eidParent": {
					"type": "SEntityTemplateReference",
					"value": "cafea71370762344"
				},
				"m_rLinkedProxyEntity": {
					"type": "SEntityTemplateReference",
					"value": "22ea5f8267450642",
					"postInit": true
				}
			}
		},
		"cafe52f1694b99fc": {
			"parent": "cafea71370762344",
			"name": "Pouch_Small",
			"factory": "004F0AFF899B63ED",
			"blueprint": "000C6BE825FDC6AB",
			"properties": {
				"m_mTransform": {
					"type": "SMatrix43",
					"value": {
						"rotation": {
							"x": -89.71081631867358,
							"y": 56.99857093845067,
							"z": -90.00273508773472
						},
						"position": {
							"x": 0.03949199989438057,
							"y": 0.12424100190401076,
							"z": -0.08992400020360947
						}
					}
				},
				"Diffuse_Color_01_Value": {
					"type": "SColorRGB",
					"value": "#2f2f2f"
				},
				"m_PrimitiveScale": {
					"type": "SVector3",
					"value": {
						"x": 1.0,
						"y": 1.0,
						"z": 1.4329400062561035
					}
				},
				"m_rLinkedProxyEntity": {
					"type": "SEntityTemplateReference",
					"value": "22ea5f8267450642"
				},
				"m_eidParent": {
					"type": "SEntityTemplateReference",
					"value": "cafea71370762344"
				}
			}
		},
		"cafe84231f0a11aa": {
			"parent": "22ea5f8267450642",
			"name": "Arms_Elbow_Hand",
			"factory": "00A29B00CF575A54",
			"blueprint": "006FE46DA08946A8"
		},
		"cafe9715c02fe171": {
			"parent": "22ea5f8267450642",
			"name": "Torso_Neck",
			"factory": "00D43167687E61AD",
			"blueprint": "007E9340AD2C2425"
		},
		"cafe72ab00a0a49e": {
			"parent": "22ea5f8267450642",
			"name": "Pants_Cargo_Tucked_Low",
			"factory": "00E45B9FE4AB5D3C",
			"blueprint": "00B9CC80CD69339D",
			"properties": {
				"Diffuse_Color_01_Value": {
					"type": "SColorRGB",
					"value": "#252525"
				},
				"m_pMeshResource": {
					"type": "ZRuntimeResourceID",
					"value": {
						"resource": "00EA726FAD79EBBB",
						"flag": "5F"
					}
				}
			}
		},
		"cafea2e235a01483": {
			"parent": "22ea5f8267450642",
			"name": "Shoes_Boots_Military",
			"factory": "00A7DC37E14B3676",
			"blueprint": "000315500CD95840",
			"properties": {
				"Diffuse_Color_01_Value": {
					"type": "SColorRGB",
					"value": "#2c2c2c"
				},
				"m_pMeshResource": {
					"type": "ZRuntimeResourceID",
					"value": {
						"resource": "004B2350C206F9A8",
						"flag": "5F"
					}
				}
			}
		},
		"cafeddd8340fff90": {
			"parent": "22ea5f8267450642",
			"name": "Gloves_Fingerless_BareKnuckle",
			"factory": "003F478DD3D14ECC",
			"blueprint": "0077724FEEE04B98",
			"properties": {
				"Diffuse_Color_01_Value": {
					"type": "SColorRGB",
					"value": "#363636"
				}
			}
		},
		"cafe5e32a28c8aa2": {
			"parent": "22ea5f8267450642",
			"name": "Belt_Utility_Military",
			"factory": "00B04C9E30B044A7",
			"blueprint": "00B3B5F4210D9F1F",
			"properties": {
				"Diffuse_Color_01_Value": {
					"type": "SColorRGB",
					"value": "#212121"
				}
			}
		},
		"cafe9db750c455e3": {
			"parent": "22ea5f8267450642",
			"name": "Sweater_RldSlv",
			"factory": "0053E469529E6A70",
			"blueprint": "00C351C68E997A8D",
			"properties": {
				"Diffuse_Color_01_Value": {
					"type": "SColorRGB",
					"value": "#181818"
				},
				"m_pMeshResource": {
					"type": "ZRuntimeResourceID",
					"value": {
						"resource": "00C728055691D201",
						"flag": "5F"
					}
				},
				"Texture2D_01": {
					"type": "ZRuntimeResourceID",
					"value": {
						"resource": "008CF3B2C6AB6B5F",
						"flag": "5F"
					}
				},
				"ConstantVector1D_01_Value": {
					"type": "float32",
					"value": 0.8600000143051147
				}
			}
		},
		"cafecd27a30c7a90": {
			"parent": "cafe67ec555efaee",
			"name": "Watch_Sporty_3Crown",
			"factory": "008B2E9F9C87B4FE",
			"blueprint": "001D0A50CC8378B5",
			"properties": {
				"m_mTransform": {
					"type": "SMatrix43",
					"value": {
						"rotation": {
							"x": -1.3075063536173104,
							"y": -0.29914262354987625,
							"z": -86.80836273850927
						},
						"position": {
							"x": 0.2160930037498474,
							"y": 0.00012399999832268804,
							"z": 0.013942000456154346
						}
					}
				},
				"m_PrimitiveScale": {
					"type": "SVector3",
					"value": { "x": 1.0, "y": 1.0, "z": 1.0 }
				},
				"m_eidParent": {
					"type": "SEntityTemplateReference",
					"value": "cafe67ec555efaee",
					"postInit": true
				}
			}
		},
		"cafe67ec555efaee": {
			"parent": "22ea5f8267450642",
			"name": "Attacher_Wrist_L",
			"factory": "[assembly:/templates/aspectdummy.aspect]([modules:/zcompositeentity.class].entitytype,[modules:/zboneattachaspect.class].entitytype).pc_entitytype",
			"blueprint": "[assembly:/templates/aspectdummy.aspect]([modules:/zcompositeentity.class].entitytype,[modules:/zboneattachaspect.class].entitytype).pc_entityblueprint",
			"properties": {
				"m_BoneName": { "type": "ZString", "value": "L_Forearm" },
				"m_linkedEntity": {
					"type": "SEntityTemplateReference",
					"value": "22ea5f8267450642"
				},
				"m_eidParent": {
					"type": "SEntityTemplateReference",
					"value": "22ea5f8267450642"
				}
			}
		},
		"cafe82fe203d0ad3": {
			"parent": "cafe67ec555efaee",
			"name": "Bracelet_Leather_Strap",
			"factory": "001F119BFAE57CF7",
			"blueprint": "00DFC51C8ADFB832",
			"properties": {
				"m_mTransform": {
					"type": "SMatrix43",
					"value": {
						"rotation": {
							"x": -1.298393405405705,
							"y": -0.29444432556465633,
							"z": -85.99382797652866
						},
						"position": {
							"x": 0.22769400477409363,
							"y": -0.0014750000555068254,
							"z": 0.004015000071376562
						}
					}
				},
				"m_PrimitiveScale": {
					"type": "SVector3",
					"value": { "x": 1.0, "y": 1.0, "z": 1.0 }
				},
				"Diffuse_Color_01_Value": {
					"type": "SColorRGB",
					"value": "#302921"
				},
				"m_eidParent": {
					"type": "SEntityTemplateReference",
					"value": "cafe67ec555efaee"
				}
			}
		},
		"cafe1490deb7bf60": {
			"parent": "22ea5f8267450642",
			"name": "Shoulder_Holster_Radio",
			"factory": "00830F4B0E90940C",
			"blueprint": "007486F7417B2A42",
			"properties": {
				"Diffuse_Color_01_Value": {
					"type": "SColorRGB",
					"value": "#161515"
				},
				"Diffuse_Saturation_01_Value": {
					"type": "float32",
					"value": 0.0
				},
				"ConstantVector1D_15_Value": {
					"type": "float32",
					"value": 0.5
				},
				"ConstantVector1D_03_Value": {
					"type": "float32",
					"value": 0.02500000037252903
				}
			}
		},
		"cafe425721fa8e3e": {
			"parent": "22ea5f8267450642",
			"name": "FX_Hitman_Wet_Logic_Character",
			"factory": "0067CFB703A80787",
			"blueprint": "00AA88C960CD2080",
			"properties": {
				"HeadMaterialToOverride": {
					"type": "ZRuntimeResourceID",
					"value": {
						"resource": "009F7978C601815A",
						"flag": "5F"
					}
				},
				"HeadMaterialOverride": {
					"type": "TArray<SEntityTemplateReference>",
					"value": ["22ea5f8267450642"],
					"postInit": true
				}
			},
			"events": {
				"HitmanWetness": {
					"T": [
						"cafebf7e8a34d7f7",
						"cafefb2a2977ec66",
						"cafe5526b28bdb82",
						"cafe1d6e856d2378"
					]
				}
			}
		},
		"cafe5526b28bdb82": {
			"parent": "cafe425721fa8e3e",
			"name": "Lerp roughness fabric",
			"factory": "[modules:/zmathlerp.class].pc_entitytype",
			"blueprint": "[modules:/zmathlerp.class].pc_entityblueprint",
			"properties": {
				"m_A": { "type": "float32", "value": 0 },
				"m_fT": { "type": "float32", "value": 0.0 },
				"m_B": { "type": "float32", "value": 1.5 }
			},
			"events": { "Lerp": { "ConstantVector1D_14_Value": [] } }
		},
		"cafefb2a2977ec66": {
			"parent": "cafe425721fa8e3e",
			"name": "Lerp bumpmap",
			"factory": "[modules:/zmathlerp.class].pc_entitytype",
			"blueprint": "[modules:/zmathlerp.class].pc_entityblueprint",
			"properties": {
				"m_fT": { "type": "float32", "value": 0.0 },
				"m_B": { "type": "float32", "value": 0.30000001192092896 }
			},
			"events": { "Lerp": { "ConstantVector1D_06_Value": [] } }
		},
		"cafe1d6e856d2378": {
			"parent": "cafe425721fa8e3e",
			"name": "Lerp roughness other",
			"factory": "[modules:/zmathlerp.class].pc_entitytype",
			"blueprint": "[modules:/zmathlerp.class].pc_entityblueprint",
			"properties": {
				"m_B": { "type": "float32", "value": 0.4000000059604645 },
				"m_A": { "type": "float32", "value": 0.0 },
				"m_fT": { "type": "float32", "value": 0.0 }
			},
			"events": {
				"Lerp": {
					"ConstantVector1D_04_Value": [
						"cafe84231f0a11aa",
						"cafea2e235a01483",
						"cafe1490deb7bf60",
						"cafe9715c02fe171",
						"cafeddd8340fff90",
						"ca9e86cfdaed4c16"
					]
				}
			}
		},
		"cafebf7e8a34d7f7": {
			"parent": "cafe425721fa8e3e",
			"name": "Lerp albedo",
			"factory": "[modules:/zmathlerp.class].pc_entitytype",
			"blueprint": "[modules:/zmathlerp.class].pc_entityblueprint",
			"properties": {
				"m_fT": { "type": "float32", "value": 0.0 },
				"m_B": { "type": "float32", "value": 0.20000000298023224 }
			},
			"events": { "Lerp": { "ConstantVector1D_01_Value": [] } }
		}
	},
	"propertyOverrides": [],
	"overrideDeletes": [],
	"pinConnectionOverrides": [],
	"pinConnectionOverrideDeletes": [],
	"externalScenes": [],
	"subType": "template",
	"quickEntityVersion": 3.1,
	"extraFactoryDependencies": [
		{
			"resource": "[assembly:/_pro/characters/assets/individuals/paris/philip/textures/male_reg_philip_01_tie_01.texture?/specular_f.tex](ascolormap).pc_tex",
			"flag": "5F"
		},
		{
			"resource": "[assembly:/_pro/characters/assets/individuals/paris/philip/textures/male_reg_philip_01_tie_01.texture?/normal_a.tex](asnormalmap).pc_tex",
			"flag": "5F"
		},
		{ "resource": "00357C8C30F5EDF2", "flag": "5F" },
		{ "resource": "00324339E7353795", "flag": "5F" },
		{ "resource": "00C197DBB1B74FF6", "flag": "5F" },
		{ "resource": "007E2F6DB1068A8D", "flag": "5F" },
		{ "resource": "00AAD107E192CFAE", "flag": "5F" },
		{ "resource": "0063B05E0712FBB3", "flag": "5F" },
		{ "resource": "007D850436B0A092", "flag": "5F" },
		{ "resource": "00D247582859CA87", "flag": "5F" },
		{ "resource": "00D20CA72E352D16", "flag": "5F" },
		{ "resource": "001EE759F57B6DCE", "flag": "5F" },
		{ "resource": "0051A1136DC9485E", "flag": "5F" },
		{ "resource": "00E4CE86EE7A5CC2", "flag": "5F" },
		{ "resource": "00FFC5352D7A5D64", "flag": "5F" },
		{ "resource": "001083E516801F5E", "flag": "5F" },
		{ "resource": "002E38C4C7E4A025", "flag": "5F" },
		{ "resource": "00D8722973695FDC", "flag": "5F" },
		{ "resource": "00CCF189D80F8682", "flag": "5F" },
		{ "resource": "008352F84E1949F2", "flag": "5F" },
		{ "resource": "0062E48BEB6DF280", "flag": "5F" },
		{ "resource": "006A3CDF8C2ED4E6", "flag": "5F" },
		{ "resource": "006A40A918C06460", "flag": "5F" },
		{ "resource": "00B40E9503CF9271", "flag": "5F" }
	],
	"extraBlueprintDependencies": [],
	"comments": []
}
