{
	"tempHash": "004452871E0D1E4F",
	"tbluHash": "00BF30B89850C7C3",
	"rootEntity": "84da695b0ec70c30",
	"entities": {
		"84da695b0ec70c30": {
			"parent": null,
			"name": "OUTFIT_Agent47_tacticalsweater_HeroA_V0",
			"factory": "00028BAEA86DD2FD",
			"blueprint": "002045A6D2A25237",
			"properties": {
				"m_mTransform": {
					"type": "SMatrix43",
					"value": {
						"rotation": { "x": -0.0, "y": 0.0, "z": -0.0 },
						"position": {
							"x": 17.044330596923828,
							"y": 1.6102190017700195,
							"z": 0.0
						}
					}
				},
				"m_pBonesAndCollisionResource": {
					"type": "ZRuntimeResourceID",
					"value": {
						"resource": "00E6D746D26D3871",
						"flag": "5F"
					}
				},
				"m_LocalColliders": {
					"type": "TArray<SEntityTemplateReference>",
					"value": []
				},
				"m_eRoomBehaviour": {
					"type": "ZSpatialEntity.ERoomBehaviour",
					"value": "ROOM_DYNAMIC"
				},
				"m_aBodyParts": {
					"type": "TArray<SEntityTemplateReference>",
					"value": [
						"94eba3c1fcf3691e",
						"cafe565bcde407c7",
						"cafe8b2efec1d2a4",
						"cafe4ce508261d4b",
						"cafeb79491dcf367",
						"cafe351fe8cb595f",
						"cafecdb06babc158",
						"cafeb1e9504fb251"
					],
					"postInit": true
				}
			}
		},
		"94eba3c1fcf3691e": {
			"parent": "84da695b0ec70c30",
			"name": "Head_47",
			"factory": "00537D16B5CE7286",
			"blueprint": "00F2E4A932ECAA63",
			"properties": {
				"ConstantColorRGB_01_Value_2": {
					"type": "SColorRGB",
					"value": "#cfcac0"
				}
			}
		},
		"cafe4ce508261d4b": {
			"parent": "84da695b0ec70c30",
			"name": "Sweater_Commando_Tkd",
			"factory": "00480351A4CC2B0F",
			"blueprint": "002675C728F4AFCF",
			"properties": {
				"Diffuse_Color_01_Value": {
					"type": "SColorRGB",
					"value": "#403279"
				},
				"m_pMeshResource": {
					"type": "ZRuntimeResourceID",
					"value": {
						"resource": "0082F152D2CA5B3C",
						"flag": "5F"
					}
				}
			}
		},
		"cafe565bcde407c7": {
			"parent": "84da695b0ec70c30",
			"name": "Pants_Cargo_Kneepads",
			"factory": "00FCB856A7CE34EB",
			"blueprint": "00FC68B60D3FE105",
			"properties": {
				"Diffuse_Color_01_Value": {
					"type": "SColorRGB",
					"value": "#4f4f4f"
				},
				"m_pMeshResource": {
					"type": "ZRuntimeResourceID",
					"value": {
						"resource": "00B719796DB6D28B",
						"flag": "5F"
					}
				}
			}
		},
		"cafe8b2efec1d2a4": {
			"parent": "84da695b0ec70c30",
			"name": "Shoes_Boots_Military",
			"factory": "00A7DC37E14B3676",
			"blueprint": "000315500CD95840",
			"properties": {
				"Diffuse_Color_01_Value": {
					"type": "SColorRGB",
					"value": "#292929"
				}
			}
		},
		"cafe629393f7c633": {
			"parent": "cafe83244e9d3f66",
			"name": "hat_beanie_dockWorker",
			"factory": "00BAA657897C6603",
			"blueprint": "00018CB035C58391",
			"properties": {
				"m_mTransform": {
					"type": "SMatrix43",
					"value": {
						"rotation": {
							"x": 167.06508917305496,
							"y": 89.99918567357851,
							"z": 0.0
						},
						"position": {
							"x": 0.07361999899148941,
							"y": 0.022599000483751297,
							"z": 0.0022529999259859324
						}
					}
				},
				"Diffuse_Color_01_Value": {
					"type": "SColorRGB",
					"value": "#202020"
				},
				"m_rLinkedProxyEntity": {
					"type": "SEntityTemplateReference",
					"value": "84da695b0ec70c30",
					"postInit": true
				},
				"m_eidParent": {
					"type": "SEntityTemplateReference",
					"value": "cafe83244e9d3f66",
					"postInit": true
				}
			}
		},
		"cafe83244e9d3f66": {
			"parent": "84da695b0ec70c30",
			"name": "Attacher_Head",
			"factory": "[assembly:/templates/aspectdummy.aspect]([modules:/zcompositeentity.class].entitytype,[modules:/zboneattachaspect.class].entitytype).pc_entitytype",
			"blueprint": "[assembly:/templates/aspectdummy.aspect]([modules:/zcompositeentity.class].entitytype,[modules:/zboneattachaspect.class].entitytype).pc_entityblueprint",
			"properties": {
				"m_BoneName": { "type": "ZString", "value": "Head" },
				"m_linkedEntity": {
					"type": "SEntityTemplateReference",
					"value": "84da695b0ec70c30"
				},
				"m_mTransform": {
					"type": "SMatrix43",
					"value": {
						"rotation": { "x": -0.0, "y": 0.0, "z": -0.0 },
						"position": { "x": 0.0, "y": 0.0, "z": 0.0 }
					}
				},
				"m_eidParent": {
					"type": "SEntityTemplateReference",
					"value": "84da695b0ec70c30"
				}
			}
		},
		"cafeb79491dcf367": {
			"parent": "84da695b0ec70c30",
			"name": "Hands",
			"factory": "009A6D9F7927FB89",
			"blueprint": "00F49463DEA8D412"
		},
		"cafe351fe8cb595f": {
			"parent": "84da695b0ec70c30",
			"name": "Belt_Utility_Military",
			"factory": "00B04C9E30B044A7",
			"blueprint": "00B3B5F4210D9F1F",
			"properties": {
				"Diffuse_Color_01_Value": {
					"type": "SColorRGB",
					"value": "#2c2824"
				},
				"Diffuse_Hue_Shift_01_Value": {
					"type": "float32",
					"value": 0.0
				}
			}
		},
		"cafecdb06babc158": {
			"parent": "84da695b0ec70c30",
			"name": "Gloves_Combat_Kevlar_Fingerless",
			"factory": "00FD1118F2E565AA",
			"blueprint": "00FD18BB25AAEF50",
			"properties": {
				"Diffuse_Color_01_Value": {
					"type": "SColorRGB",
					"value": "#1e1e1e"
				}
			}
		},
		"cafeb1e9504fb251": {
			"parent": "84da695b0ec70c30",
			"name": "Holster_R_Nylon",
			"factory": "0019EE2A9CB4ED81",
			"blueprint": "007FBA4EF038BEF7",
			"properties": {
				"Diffuse_Color_01_Value": {
					"type": "SColorRGB",
					"value": "#575757"
				}
			}
		},
		"cafe258cca7514a7": {
			"parent": "84da695b0ec70c30",
			"name": "FX_Hitman_Wet_Logic_Character",
			"factory": "0067CFB703A80787",
			"blueprint": "00AA88C960CD2080",
			"properties": {
				"HeadMaterialToOverride": {
					"type": "ZRuntimeResourceID",
					"value": {
						"resource": "009F7978C601815A",
						"flag": "5F"
					}
				},
				"HeadMaterialOverride": {
					"type": "TArray<SEntityTemplateReference>",
					"value": ["84da695b0ec70c30"],
					"postInit": true
				}
			},
			"events": {
				"HitmanWetness": {
					"T": [
						"cafe606d34800eec",
						"cafea35d6f30225c",
						"cafede8156c12016",
						"cafec8dbb18050db"
					]
				}
			}
		},
		"cafede8156c12016": {
			"parent": "cafe258cca7514a7",
			"name": "Lerp roughness fabric",
			"factory": "[modules:/zmathlerp.class].pc_entitytype",
			"blueprint": "[modules:/zmathlerp.class].pc_entityblueprint",
			"properties": {
				"m_A": { "type": "float32", "value": 1.0 },
				"m_fT": { "type": "float32", "value": 0.0 },
				"m_B": { "type": "float32", "value": 2.0 }
			},
			"events": { "Lerp": { "ConstantVector1D_14_Value": [] } }
		},
		"cafea35d6f30225c": {
			"parent": "cafe258cca7514a7",
			"name": "Lerp bumpmap",
			"factory": "[modules:/zmathlerp.class].pc_entitytype",
			"blueprint": "[modules:/zmathlerp.class].pc_entityblueprint",
			"properties": {
				"m_fT": { "type": "float32", "value": 0.0 },
				"m_B": { "type": "float32", "value": 0.30000001192092896 }
			},
			"events": { "Lerp": { "ConstantVector1D_06_Value": [] } }
		},
		"cafec8dbb18050db": {
			"parent": "cafe258cca7514a7",
			"name": "Lerp roughness other",
			"factory": "[modules:/zmathlerp.class].pc_entitytype",
			"blueprint": "[modules:/zmathlerp.class].pc_entityblueprint",
			"properties": {
				"m_B": { "type": "float32", "value": 0.4000000059604645 },
				"m_A": { "type": "float32", "value": 0.0 },
				"m_fT": { "type": "float32", "value": 0.0 }
			},
			"events": {
				"Lerp": {
					"ConstantVector1D_04_Value": [
						"94eba3c1fcf3691e",
						"cafeb1e9504fb251",
						"cafe8b2efec1d2a4",
						"cafeb79491dcf367",
						"cafe351fe8cb595f"
					]
				}
			}
		},
		"cafe606d34800eec": {
			"parent": "cafe258cca7514a7",
			"name": "Lerp albedo",
			"factory": "[modules:/zmathlerp.class].pc_entitytype",
			"blueprint": "[modules:/zmathlerp.class].pc_entityblueprint",
			"properties": {
				"m_fT": { "type": "float32", "value": 0.0 },
				"m_B": { "type": "float32", "value": 0.20000000298023224 }
			},
			"events": { "Lerp": { "ConstantVector1D_01_Value": [] } }
		}
	},
	"propertyOverrides": [],
	"overrideDeletes": [],
	"pinConnectionOverrides": [],
	"pinConnectionOverrideDeletes": [],
	"externalScenes": [],
	"subType": "template",
	"quickEntityVersion": 3.1,
	"extraFactoryDependencies": [
		{ "resource": "0098B597BC3F7804", "flag": "5F" },
		{
			"resource": "[assembly:/_pro/characters/assets/guards/bangkok/hotel_security/textures/male_reg_bangkok_hotelsecurity_shoes.texture?/diffuse_a.tex](ascolormap).pc_tex",
			"flag": "5F"
		},
		{
			"resource": "[assembly:/_pro/characters/assets/guards/bangkok/hotel_security/textures/male_reg_bangkok_hotelsecurity_shoes.texture?/specular_a.tex](ascolormap).pc_tex",
			"flag": "5F"
		},
		{
			"resource": "[assembly:/_pro/characters/assets/guards/bangkok/hotel_security/textures/male_reg_bangkok_hotelsecurity_shoes.texture?/normal_a.tex](asnormalmap).pc_tex",
			"flag": "5F"
		},
		{ "resource": "009628322D8C8C37", "flag": "5F" },
		{ "resource": "001EE759F57B6DCE", "flag": "5F" },
		{ "resource": "005CF2C7C8B423F8", "flag": "5F" },
		{ "resource": "0051A1136DC9485E", "flag": "5F" },
		{ "resource": "008AF0148905C2C2", "flag": "5F" },
		{ "resource": "007D850436B0A092", "flag": "5F" },
		{ "resource": "00D247582859CA87", "flag": "5F" },
		{ "resource": "00D20CA72E352D16", "flag": "5F" }
	],
	"extraBlueprintDependencies": [],
	"comments": []
}
