{
	"tempHash": "00BCAB1E36602695",
	"tbluHash": "00E838AAF8EF58F9",
	"rootEntity": "2a83ce034db70324",
	"entities": {
		"f98f29170d08608a": {
			"parent": "2a83ce034db70324",
			"name": "Nude",
			"factory": "[modules:/zcharsetcharactertype.class].pc_entitytype",
			"blueprint": "[modules:/zcharsetcharactertype.class].pc_entityblueprint",
			"properties": {
				"m_aVariations": {
					"type": "TArray<SEntityTemplateReference>",
					"value": ["38b4c63ccfa7a2b1"],
					"postInit": true
				}
			}
		},
		"38b4c63ccfa7a2b1": {
			"parent": "f98f29170d08608a",
			"name": "Var0",
			"factory": "[modules:/zoutfitvariation.class].pc_entitytype",
			"blueprint": "[modules:/zoutfitvariation.class].pc_entityblueprint"
		},
		"2a83ce034db70324": {
			"parent": null,
			"name": "CHARSET_Agent47_casualpolo",
			"factory": "004470A9E6A7722D",
			"blueprint": "00E21A11EC782D9E",
			"properties": {
				"m_aCharacters": {
					"type": "TArray<SEntityTemplateReference>",
					"value": [
						"22ffbe6964f8aeb5",
						"f98f29170d08608a",
						"ad4dedd3a67d6e3a"
					],
					"postInit": true
				}
			}
		},
		"ad4dedd3a67d6e3a": {
			"parent": "2a83ce034db70324",
			"name": "HeroA",
			"factory": "[modules:/zcharsetcharactertype.class].pc_entitytype",
			"blueprint": "[modules:/zcharsetcharactertype.class].pc_entityblueprint",
			"properties": {
				"m_aVariations": {
					"type": "TArray<SEntityTemplateReference>",
					"value": ["e28b5c05c91df8a9"],
					"postInit": true
				}
			}
		},
		"22ffbe6964f8aeb5": {
			"parent": "2a83ce034db70324",
			"name": "Actor",
			"factory": "[modules:/zcharsetcharactertype.class].pc_entitytype",
			"blueprint": "[modules:/zcharsetcharactertype.class].pc_entityblueprint",
			"properties": {
				"m_aVariations": {
					"type": "TArray<SEntityTemplateReference>",
					"value": ["b13e9216465aa383"],
					"postInit": true
				}
			}
		},
		"b13e9216465aa383": {
			"parent": "22ffbe6964f8aeb5",
			"name": "0",
			"factory": "[modules:/zoutfitvariation.class].pc_entitytype",
			"blueprint": "[modules:/zoutfitvariation.class].pc_entityblueprint"
		},
		"e28b5c05c91df8a9": {
			"parent": "ad4dedd3a67d6e3a",
			"name": "Var0",
			"factory": "[modules:/zoutfitvariation.class].pc_entitytype",
			"blueprint": "[modules:/zoutfitvariation.class].pc_entityblueprint",
			"properties": {
				"m_Outfit": {
					"type": "ZRuntimeResourceID",
					"value": {
						"resource": "[assembly:/_pro/characters/templates/hero/agent47/agent47_outfits.template?/outfit_agent47_casualpolo_heroa_v0.entitytemplate].pc_entitytemplate",
						"flag": "9F"
					}
				}
			}
		}
	},
	"propertyOverrides": [],
	"overrideDeletes": [],
	"pinConnectionOverrides": [],
	"pinConnectionOverrideDeletes": [],
	"externalScenes": [],
	"subType": "template",
	"quickEntityVersion": 3.1,
	"extraFactoryDependencies": [],
	"extraBlueprintDependencies": [],
	"comments": []
}
