{
	"tempHash": "00097AA87B144150",
	"tbluHash": "00E738E7CF7A35E1",
	"patch": [
		{
			"SubEntityOperation": [
				"8456e7b29aff6e5b",
				{
					"SetPropertyValue": {
						"property_name": "m_eSoundFootwearType",
						"value": "EFWT_BOOTS"
					}
				}
			]
		},
		{
			"SubEntityOperation": [
				"8456e7b29aff6e5b",
				{
					"SetPropertyValue": {
						"property_name": "m_eOutfitAICategory",
						"value": "OAC_Fallback"
					}
				}
			]
		},
		{
			"SubEntityOperation": [
				"b021aee1cc68641c",
				{
					"SetFactory": "[assembly:/_pro/characters/templates/hero/agent47/agent47_outfits.template?/charset_agent47_countryjacket.entitytemplate].pc_entitytype"
				}
			]
		},
		{
			"SubEntityOperation": [
				"b021aee1cc68641c",
				{
					"SetBlueprint": "[assembly:/_pro/characters/templates/hero/agent47/agent47_outfits.template?/charset_agent47_countryjacket.entitytemplate].pc_entityblueprint"
				}
			]
		}
	],
	"patchVersion": 6
}
