{
	"tempHash": "00F510EC05D96742",
	"tbluHash": "006D93E0D4D2AB45",
	"rootEntity": "22ea5f8267450642",
	"entities": {
		"22ea5f8267450642": {
			"parent": null,
			"name": "OUTFIT_Agent47_classysuit_HeroA_V0",
			"factory": "[assembly:/templates/aspectdummy.aspect]([modules:/zlinkedproxyentity.class].entitytype,[modules:/zclothcharacterentity.class].entitytype,[modules:/zheroidlenetworkaspect.class].entitytype).pc_entitytype",
			"blueprint": "[assembly:/templates/aspectdummy.aspect]([modules:/zlinkedproxyentity.class].entitytype,[modules:/zclothcharacterentity.class].entitytype,[modules:/zheroidlenetworkaspect.class].entitytype).pc_entityblueprint",
			"properties": {
				"m_ResourceID": {
					"type": "ZRuntimeResourceID",
					"value": null
				},
				"m_fLODScale": { "type": "float32", "value": 1.0 },
				"m_mTransform": {
					"type": "SMatrix43",
					"value": {
						"rotation": { "x": -0.0, "y": 0.0, "z": -0.0 },
						"position": {
							"x": 39.068450927734375,
							"y": 4.066530227661133,
							"z": 0.0
						}
					}
				},
				"m_pBonesAndCollisionResource": {
					"type": "ZRuntimeResourceID",
					"value": {
						"resource": "0017416135CF879C",
						"flag": "5F"
					}
				},
				"m_bUsePerVertexStiffness": {
					"type": "bool",
					"value": true
				},
				"m_LocalColliders": {
					"type": "TArray<SEntityTemplateReference>",
					"value": []
				},
				"m_bGlobalCollidersEnabled": {
					"type": "bool",
					"value": false
				},
				"m_fDamping": { "type": "float32", "value": 1.0 },
				"m_fBendStiffness": { "type": "float32", "value": 1.0 },
				"m_bUsePerVertexDamping": {
					"type": "bool",
					"value": true
				},
				"m_fShearStiffness": { "type": "float32", "value": 1.0 },
				"m_bUseSkinningPosNormalConstrains": {
					"type": "bool",
					"value": true
				},
				"m_bUseSkinningNegNormalConstrains": {
					"type": "bool",
					"value": true
				},
				"m_nIterations": { "type": "uint32", "value": 2 },
				"m_fFrequency": { "type": "float32", "value": 90.0 },
				"m_vTranslationScale": {
					"type": "SVector3",
					"value": {
						"x": 0.10000000149011612,
						"y": 0.10000000149011612,
						"z": 0.10000000149011612
					}
				},
				"m_vGravity": {
					"type": "SVector3",
					"value": { "x": 0.0, "y": 0.0, "z": -13.0 }
				},
				"m_fLODOffset": { "type": "float32", "value": 100.0 },
				"m_fDragConstant": { "type": "float32", "value": 1.0 },
				"m_eStretchConstrainType": {
					"type": "EClothStretchConstrainType",
					"value": "eClothBendConstrainType_LRA"
				},
				"m_fAngularVelocityThreshold": {
					"type": "float32",
					"value": 60.0
				},
				"m_eRootBone": {
					"type": "BoneId.Enum",
					"value": "PELVIS"
				},
				"m_bEnableAngularVelocityScale": {
					"type": "bool",
					"value": true
				},
				"m_eBendConstrainType": {
					"type": "EClothBendConstrainType",
					"value": "eClothBendConstrainType_Triangle"
				},
				"m_bRandomStartState": { "type": "bool", "value": true },
				"m_fWindConstant": {
					"type": "float32",
					"value": 0.10000000149011612
				},
				"m_bSimulationEnabled": { "type": "bool", "value": true },
				"m_aBodyParts": {
					"type": "TArray<SEntityTemplateReference>",
					"value": [
						"ca9e86cfdaed4c16",
						"cafe85896f1fcd16",
						"cafe5f81dc112a9f",
						"cafe471ef67dbc80",
						"cafe31a98456c17e",
						"cafe2f87591e056b",
						"cafec49b7ae1005e",
						"cafe611bc5de361b",
						"cafe04a859e9fdea",
						"cafe1506c52ed919"
					],
					"postInit": true
				}
			}
		},
		"ca9e86cfdaed4c16": {
			"parent": "22ea5f8267450642",
			"name": "Head_47",
			"factory": "00537D16B5CE7286",
			"blueprint": "00F2E4A932ECAA63"
		},
		"cafe85896f1fcd16": {
			"parent": "22ea5f8267450642",
			"name": "Pants_Dress_Regular_NoBrk",
			"factory": "007AFD22CAA820F2",
			"blueprint": "0042F784FA484B44",
			"properties": {
				"Diffuse_Hue_Shift_01_Value": {
					"type": "float32",
					"value": 0.0
				},
				"Diffuse_Saturation_01_Value_1": {
					"type": "float32",
					"value": 0.0
				},
				"Diffuse_Color_01_Value": {
					"type": "SColorRGB",
					"value": "#37376b"
				},
				"ConstantVector1D_01_Value": {
					"type": "float32",
					"value": 6.0
				},
				"Texture2D_01": {
					"type": "ZRuntimeResourceID",
					"value": {
						"resource": "002C9ED90CD05E07",
						"flag": "5F"
					}
				},
				"Texture2D_03": {
					"type": "ZRuntimeResourceID",
					"value": {
						"resource": "00FE9D81C9827A05",
						"flag": "5F"
					}
				},
				"Texture2DNormal_01": {
					"type": "ZRuntimeResourceID",
					"value": {
						"resource": "005E61770220F517",
						"flag": "5F"
					}
				},
				"m_pMeshResource": {
					"type": "ZRuntimeResourceID",
					"value": {
						"resource": "00141E3BA0686D72",
						"flag": "5F"
					}
				}
			}
		},
		"cafe5f81dc112a9f": {
			"parent": "22ea5f8267450642",
			"name": "Shirt_Dress_BtnUp_Cutaway_Collar_Tkd_Cut_Waistcoat",
			"factory": "0052D04CCF00FBE8",
			"blueprint": "007BF7A43B0BABE7",
			"properties": {
				"Diffuse_Hue_Shift_01_Value": {
					"type": "float32",
					"value": 0.0
				},
				"Diffuse_Saturation_01_Value_1": {
					"type": "float32",
					"value": 0.0
				},
				"Diffuse_Color_01_Value": {
					"type": "SColorRGB",
					"value": "#ffffff"
				},
				"m_pMeshResource": {
					"type": "ZRuntimeResourceID",
					"value": {
						"resource": "00ADAD8ABABD972C",
						"flag": "5F"
					}
				},
				"Texture2D_03": {
					"type": "ZRuntimeResourceID",
					"value": {
						"resource": "0045F839B337D2B6",
						"flag": "5F"
					}
				},
				"Diffuse_Saturation_01_Value": {
					"type": "float32",
					"value": 0.5
				},
				"Diffuse_Color_01_Value_2": {
					"type": "SColorRGB",
					"value": "#ffffff"
				},
				"ConstantVector1D_16_Value": {
					"type": "float32",
					"value": 3.5
				}
			}
		},
		"cafe471ef67dbc80": {
			"parent": "22ea5f8267450642",
			"name": "Socks_Ankle_Cut_Shoe",
			"factory": "00C50F4D59B78463",
			"blueprint": "0060BDFBAAFA9324",
			"properties": {
				"Diffuse_Hue_Shift_01_Value": {
					"type": "float32",
					"value": 0.0
				},
				"Diffuse_Color_01_Value": {
					"type": "SColorRGB",
					"value": "#404854"
				},
				"Diffuse_Saturation_01_Value": {
					"type": "float32",
					"value": 0.0
				}
			}
		},
		"cafe31a98456c17e": {
			"parent": "22ea5f8267450642",
			"name": "WaistCoat_Plain_5Btn",
			"factory": "00F9BE27B5B0652D",
			"blueprint": "0006471CC0FF14D9",
			"properties": {
				"Diffuse_Hue_Shift_01_Value": {
					"type": "float32",
					"value": 0.0
				},
				"Diffuse_Color_01_Value": {
					"type": "SColorRGB",
					"value": "#5a5587"
				},
				"m_pMeshResource": {
					"type": "ZRuntimeResourceID",
					"value": {
						"resource": "00A407DE1EB8AF41",
						"flag": "5F"
					}
				},
				"Texture2DNormal_01": {
					"type": "ZRuntimeResourceID",
					"value": {
						"resource": "008ED7EEB97C08BF",
						"flag": "5F"
					}
				},
				"Diffuse_Saturation_01_Value": {
					"type": "float32",
					"value": 1.0
				},
				"ConstantVector1D_01_Value": {
					"type": "float32",
					"value": 1.5
				},
				"Texture2D_01": {
					"type": "ZRuntimeResourceID",
					"value": {
						"resource": "00CFAD396814026C",
						"flag": "5F"
					}
				},
				"Texture2D_03": {
					"type": "ZRuntimeResourceID",
					"value": {
						"resource": "0084FF84B1499D0C",
						"flag": "5F"
					}
				},
				"ConstantVector1D_03_Value": {
					"type": "float32",
					"value": 1.5
				},
				"ConstantVector1D_13_Value": {
					"type": "float32",
					"value": 0.05000000074505806
				},
				"ConstantVector1D_16_Value": {
					"type": "float32",
					"value": 1.0
				}
			}
		},
		"cafe5912746fda4d": {
			"parent": "cafe4b7c5c391723",
			"name": "stone_watch",
			"factory": "00F8A1276963070B",
			"blueprint": "008BBD18F8AA33A0",
			"properties": {
				"m_mTransform": {
					"type": "SMatrix43",
					"value": {
						"rotation": { "x": -0.0, "y": 0.0, "z": -0.0 },
						"position": { "x": 0.0, "y": 0.0, "z": 0.0 }
					}
				},
				"Texture2D_01_enab": { "type": "bool", "value": true },
				"Texture2D_01": {
					"type": "ZRuntimeResourceID",
					"value": {
						"resource": "[assembly:/_pro/characters/assets/_apparel/accessories/watches/textures/male_reg_watch_a.texture?/diffuse_c.tex](ascolormap).pc_tex",
						"flag": "5F"
					}
				},
				"Clients": {
					"type": "TArray<SEntityTemplateReference>",
					"value": ["cafe4b7c5c391723"],
					"postInit": true
				},
				"m_eidParent": {
					"type": "SEntityTemplateReference",
					"value": "cafe4b7c5c391723",
					"postInit": true
				}
			}
		},
		"cafe979945d9cf33": {
			"parent": "22ea5f8267450642",
			"name": "Attacher_L_ForeTwist2",
			"factory": "[assembly:/templates/aspectdummy.aspect]([modules:/zcompositeentity.class].entitytype,[modules:/zboneattachaspect.class].entitytype).pc_entitytype",
			"blueprint": "[assembly:/templates/aspectdummy.aspect]([modules:/zcompositeentity.class].entitytype,[modules:/zboneattachaspect.class].entitytype).pc_entityblueprint",
			"properties": {
				"m_BoneName": {
					"type": "ZString",
					"value": "L_ForeTwist2"
				},
				"m_linkedEntity": {
					"type": "SEntityTemplateReference",
					"value": "22ea5f8267450642",
					"postInit": true
				},
				"m_eidParent": {
					"type": "SEntityTemplateReference",
					"value": "22ea5f8267450642",
					"postInit": true
				}
			}
		},
		"cafe4b7c5c391723": {
			"parent": "cafe979945d9cf33",
			"name": "Watch_Stone",
			"factory": "00223BFE91C07EAF",
			"blueprint": "007DD70C233C978B",
			"properties": {
				"m_mTransform": {
					"type": "SMatrix43",
					"value": {
						"rotation": {
							"x": -5.272719181921954,
							"y": 7.189245354793493,
							"z": -89.2666727635943
						},
						"position": {
							"x": 0.06882999837398529,
							"y": -0.00008600000001024455,
							"z": 0.001357999979518354
						}
					}
				},
				"m_eidParent": {
					"type": "SEntityTemplateReference",
					"value": "cafe979945d9cf33"
				}
			}
		},
		"cafe0db19d572a9e": {
			"parent": "22ea5f8267450642",
			"name": "Attacher_Head",
			"factory": "[assembly:/templates/aspectdummy.aspect]([modules:/zcompositeentity.class].entitytype,[modules:/zboneattachaspect.class].entitytype).pc_entitytype",
			"blueprint": "[assembly:/templates/aspectdummy.aspect]([modules:/zcompositeentity.class].entitytype,[modules:/zboneattachaspect.class].entitytype).pc_entityblueprint",
			"properties": {
				"m_BoneName": { "type": "ZString", "value": "Head" },
				"m_mTransform": {
					"type": "SMatrix43",
					"value": {
						"rotation": { "x": -0.0, "y": 0.0, "z": -0.0 },
						"position": { "x": 0.0, "y": 0.0, "z": 0.0 }
					}
				},
				"m_linkedEntity": {
					"type": "SEntityTemplateReference",
					"value": "22ea5f8267450642",
					"postInit": true
				},
				"m_eidParent": {
					"type": "SEntityTemplateReference",
					"value": "22ea5f8267450642",
					"postInit": true
				}
			}
		},
		"cafe8e1932944cd7": {
			"parent": "cafe0db19d572a9e",
			"name": "glasses_aviator_fullframe_bridge",
			"factory": "00048AC085AE6F1F",
			"blueprint": "00E028A01FECA84D",
			"properties": {
				"m_mTransform": {
					"type": "SMatrix43",
					"value": {
						"rotation": {
							"x": 11.030973766477269,
							"y": 89.62300937938963,
							"z": 164.9266642487799
						},
						"position": {
							"x": 0.07550600171089172,
							"y": 0.006056999787688255,
							"z": 0.0003689999866764993
						}
					}
				},
				"Texture2D_03": {
					"type": "ZRuntimeResourceID",
					"value": {
						"resource": "006D73C8F30CB76A",
						"flag": "5F"
					}
				},
				"Texture2D_01": {
					"type": "ZRuntimeResourceID",
					"value": {
						"resource": "0009762FCD5989A3",
						"flag": "5F"
					}
				},
				"Diffuse_Tint_Value_1": {
					"type": "SColorRGB",
					"value": "#757575"
				},
				"m_rLinkedProxyEntity": {
					"type": "SEntityTemplateReference",
					"value": "22ea5f8267450642"
				},
				"m_PrimitiveScale": {
					"type": "SVector3",
					"value": {
						"x": 0.9233949780464172,
						"y": 1.0,
						"z": 1.0
					}
				},
				"m_eidParent": {
					"type": "SEntityTemplateReference",
					"value": "cafe0db19d572a9e"
				}
			}
		},
		"cafeca48bb3fa531": {
			"parent": "cafe0db19d572a9e",
			"name": "hat_cap_flat_plain",
			"factory": "0006F4B94399BEE7",
			"blueprint": "008008263D5AF7C7",
			"properties": {
				"m_mTransform": {
					"type": "SMatrix43",
					"value": {
						"rotation": {
							"x": 6.179113658624292,
							"y": 89.36027788405707,
							"z": 160.55998219653875
						},
						"position": {
							"x": 0.07902999967336655,
							"y": 0.024633999913930893,
							"z": -0.00002300000051036477
						}
					}
				},
				"Diffuse_Color_01_Value": {
					"type": "SColorRGB",
					"value": "#1b194a"
				},
				"Texture2D_01": {
					"type": "ZRuntimeResourceID",
					"value": {
						"resource": "0050FB8CE2A1160F",
						"flag": "5F"
					}
				},
				"Texture2DNormal_01": {
					"type": "ZRuntimeResourceID",
					"value": {
						"resource": "006E6C5FAE473784",
						"flag": "5F"
					}
				},
				"m_rLinkedProxyEntity": {
					"type": "SEntityTemplateReference",
					"value": "22ea5f8267450642"
				},
				"m_PrimitiveScale": {
					"type": "SVector3",
					"value": {
						"x": 0.9316189885139464,
						"y": 0.9732249975204468,
						"z": 1.0
					}
				},
				"m_eidParent": {
					"type": "SEntityTemplateReference",
					"value": "cafe0db19d572a9e"
				}
			}
		},
		"cafe2f87591e056b": {
			"parent": "22ea5f8267450642",
			"name": "Shoes_Derby_Wing_RoundTip",
			"factory": "0063C50D6FA4D391",
			"blueprint": "00AC65A09DF02DA6",
			"properties": {
				"Diffuse_Color_01_Value": {
					"type": "SColorRGB",
					"value": "#483018"
				}
			}
		},
		"cafec49b7ae1005e": {
			"parent": "22ea5f8267450642",
			"name": "Gloves_Fingerless_BareKnuckle",
			"factory": "003F478DD3D14ECC",
			"blueprint": "0077724FEEE04B98",
			"properties": {
				"Diffuse_Color_01_Value": {
					"type": "SColorRGB",
					"value": "#412716"
				}
			}
		},
		"cafe611bc5de361b": {
			"parent": "22ea5f8267450642",
			"name": "tie_kelvin_waistcoat_cut",
			"factory": "00D43D45B93BA994",
			"blueprint": "002395526BDE402C",
			"properties": {
				"ConstantColorRGB_02_Value": {
					"type": "SColorRGB",
					"value": "#ffffff"
				},
				"ConstantColorRGB_05_Value": {
					"type": "SColorRGB",
					"value": "#d6d6d6"
				},
				"m_pMeshResource": {
					"type": "ZRuntimeResourceID",
					"value": {
						"resource": "002107D363C8BC12",
						"flag": "5F"
					}
				}
			}
		},
		"cafe04a859e9fdea": {
			"parent": "22ea5f8267450642",
			"name": "Arms_Biceps_Wrist",
			"factory": "003501B0C44CFF39",
			"blueprint": "00E838DEB7DEA62A"
		},
		"cafe1506c52ed919": {
			"parent": "22ea5f8267450642",
			"name": "Hands",
			"factory": "009A6D9F7927FB89",
			"blueprint": "00F49463DEA8D412",
			"properties": {
				"m_pMeshResource": {
					"type": "ZRuntimeResourceID",
					"value": {
						"resource": "00B40E9503CF9271",
						"flag": "5F"
					}
				}
			}
		},
		"cafe1b947843ad55": {
			"parent": "22ea5f8267450642",
			"name": "FX_Hitman_Wet_Logic_Character",
			"factory": "0067CFB703A80787",
			"blueprint": "00AA88C960CD2080",
			"properties": {
				"HeadMaterialToOverride": {
					"type": "ZRuntimeResourceID",
					"value": {
						"resource": "009F7978C601815A",
						"flag": "5F"
					}
				},
				"HeadMaterialOverride": {
					"type": "TArray<SEntityTemplateReference>",
					"value": ["22ea5f8267450642"],
					"postInit": true
				}
			},
			"events": {
				"HitmanWetness": {
					"T": [
						"cafe36a4b6f6babf",
						"cafefbab25089e28",
						"cafeb0e35f2a2497",
						"cafe5dbe05482b4f"
					]
				}
			}
		},
		"cafeb0e35f2a2497": {
			"parent": "cafe1b947843ad55",
			"name": "Lerp roughness fabric",
			"factory": "[modules:/zmathlerp.class].pc_entitytype",
			"blueprint": "[modules:/zmathlerp.class].pc_entityblueprint",
			"properties": {
				"m_A": { "type": "float32", "value": 1.0 },
				"m_fT": { "type": "float32", "value": 0.0 },
				"m_B": { "type": "float32", "value": 2.0 }
			},
			"events": { "Lerp": { "ConstantVector1D_14_Value": [] } }
		},
		"cafefbab25089e28": {
			"parent": "cafe1b947843ad55",
			"name": "Lerp bumpmap",
			"factory": "[modules:/zmathlerp.class].pc_entitytype",
			"blueprint": "[modules:/zmathlerp.class].pc_entityblueprint",
			"properties": {
				"m_fT": { "type": "float32", "value": 0.0 },
				"m_B": { "type": "float32", "value": 0.30000001192092896 }
			},
			"events": { "Lerp": { "ConstantVector1D_06_Value": [] } }
		},
		"cafe5dbe05482b4f": {
			"parent": "cafe1b947843ad55",
			"name": "Lerp roughness other",
			"factory": "[modules:/zmathlerp.class].pc_entitytype",
			"blueprint": "[modules:/zmathlerp.class].pc_entityblueprint",
			"properties": {
				"m_B": { "type": "float32", "value": 0.4000000059604645 },
				"m_A": { "type": "float32", "value": 0.0 },
				"m_fT": { "type": "float32", "value": 0.0 }
			},
			"events": {
				"Lerp": {
					"ConstantVector1D_04_Value": [
						"cafe04a859e9fdea",
						"ca9e86cfdaed4c16",
						"cafe2f87591e056b"
					]
				}
			}
		},
		"cafe36a4b6f6babf": {
			"parent": "cafe1b947843ad55",
			"name": "Lerp albedo",
			"factory": "[modules:/zmathlerp.class].pc_entitytype",
			"blueprint": "[modules:/zmathlerp.class].pc_entityblueprint",
			"properties": {
				"m_fT": { "type": "float32", "value": 0.0 },
				"m_B": { "type": "float32", "value": 0.20000000298023224 }
			},
			"events": { "Lerp": { "ConstantVector1D_01_Value": [] } }
		}
	},
	"propertyOverrides": [],
	"overrideDeletes": [],
	"pinConnectionOverrides": [],
	"pinConnectionOverrideDeletes": [],
	"externalScenes": [],
	"subType": "template",
	"quickEntityVersion": 3.1,
	"extraFactoryDependencies": [
		{
			"resource": "[assembly:/_pro/characters/assets/individuals/paris/philip/textures/male_reg_philip_01_tie_01.texture?/specular_f.tex](ascolormap).pc_tex",
			"flag": "5F"
		},
		{
			"resource": "[assembly:/_pro/characters/assets/individuals/paris/philip/textures/male_reg_philip_01_tie_01.texture?/normal_a.tex](asnormalmap).pc_tex",
			"flag": "5F"
		},
		{ "resource": "00357C8C30F5EDF2", "flag": "5F" },
		{ "resource": "00324339E7353795", "flag": "5F" },
		{ "resource": "00C197DBB1B74FF6", "flag": "5F" },
		{ "resource": "007E2F6DB1068A8D", "flag": "5F" },
		{ "resource": "00AAD107E192CFAE", "flag": "5F" },
		{ "resource": "0063B05E0712FBB3", "flag": "5F" },
		{ "resource": "007D850436B0A092", "flag": "5F" },
		{ "resource": "00D247582859CA87", "flag": "5F" },
		{ "resource": "00D20CA72E352D16", "flag": "5F" },
		{ "resource": "001EE759F57B6DCE", "flag": "5F" },
		{ "resource": "0051A1136DC9485E", "flag": "5F" },
		{ "resource": "00E4CE86EE7A5CC2", "flag": "5F" },
		{ "resource": "00FFC5352D7A5D64", "flag": "5F" },
		{ "resource": "001083E516801F5E", "flag": "5F" },
		{ "resource": "002E38C4C7E4A025", "flag": "5F" },
		{ "resource": "00D8722973695FDC", "flag": "5F" },
		{ "resource": "00CCF189D80F8682", "flag": "5F" },
		{ "resource": "008352F84E1949F2", "flag": "5F" },
		{ "resource": "0062E48BEB6DF280", "flag": "5F" },
		{ "resource": "006A3CDF8C2ED4E6", "flag": "5F" },
		{ "resource": "006A40A918C06460", "flag": "5F" },
		{ "resource": "00B40E9503CF9271", "flag": "5F" }
	],
	"extraBlueprintDependencies": [],
	"comments": []
}
