{
	"tempHash": "001E12954B2D640F",
	"tbluHash": "00076D676F16E64D",
	"rootEntity": "22ea5f8267450642",
	"entities": {
		"22ea5f8267450642": {
			"parent": null,
			"name": "OUTFIT_Agent47_Solacesuit_HeroA_V0",
			"factory": "[assembly:/templates/aspectdummy.aspect]([modules:/zlinkedproxyentity.class].entitytype,[modules:/zclothcharacterentity.class].entitytype,[modules:/zheroidlenetworkaspect.class].entitytype).pc_entitytype",
			"blueprint": "[assembly:/templates/aspectdummy.aspect]([modules:/zlinkedproxyentity.class].entitytype,[modules:/zclothcharacterentity.class].entitytype,[modules:/zheroidlenetworkaspect.class].entitytype).pc_entityblueprint",
			"properties": {
				"m_ResourceID": {
					"type": "ZRuntimeResourceID",
					"value": null
				},
				"m_fLODScale": { "type": "float32", "value": 1.0 },
				"m_mTransform": {
					"type": "SMatrix43",
					"value": {
						"rotation": { "x": -0.0, "y": 0.0, "z": -0.0 },
						"position": {
							"x": 39.068450927734375,
							"y": 4.066530227661133,
							"z": 0.0
						}
					}
				},
				"m_pBonesAndCollisionResource": {
					"type": "ZRuntimeResourceID",
					"value": {
						"resource": "0017416135CF879C",
						"flag": "5F"
					}
				},
				"m_bUsePerVertexStiffness": {
					"type": "bool",
					"value": true
				},
				"m_LocalColliders": {
					"type": "TArray<SEntityTemplateReference>",
					"value": []
				},
				"m_bGlobalCollidersEnabled": {
					"type": "bool",
					"value": false
				},
				"m_fDamping": { "type": "float32", "value": 1.0 },
				"m_fBendStiffness": { "type": "float32", "value": 1.0 },
				"m_bUsePerVertexDamping": {
					"type": "bool",
					"value": true
				},
				"m_fShearStiffness": { "type": "float32", "value": 1.0 },
				"m_bUseSkinningPosNormalConstrains": {
					"type": "bool",
					"value": true
				},
				"m_bUseSkinningNegNormalConstrains": {
					"type": "bool",
					"value": true
				},
				"m_nIterations": { "type": "uint32", "value": 2 },
				"m_fFrequency": { "type": "float32", "value": 90.0 },
				"m_vTranslationScale": {
					"type": "SVector3",
					"value": {
						"x": 0.10000000149011612,
						"y": 0.10000000149011612,
						"z": 0.10000000149011612
					}
				},
				"m_vGravity": {
					"type": "SVector3",
					"value": { "x": 0.0, "y": 0.0, "z": -13.0 }
				},
				"m_fLODOffset": { "type": "float32", "value": 100.0 },
				"m_fDragConstant": { "type": "float32", "value": 1.0 },
				"m_eStretchConstrainType": {
					"type": "EClothStretchConstrainType",
					"value": "eClothBendConstrainType_LRA"
				},
				"m_fAngularVelocityThreshold": {
					"type": "float32",
					"value": 60.0
				},
				"m_eRootBone": {
					"type": "BoneId.Enum",
					"value": "PELVIS"
				},
				"m_bEnableAngularVelocityScale": {
					"type": "bool",
					"value": true
				},
				"m_eBendConstrainType": {
					"type": "EClothBendConstrainType",
					"value": "eClothBendConstrainType_Triangle"
				},
				"m_bRandomStartState": { "type": "bool", "value": true },
				"m_fWindConstant": {
					"type": "float32",
					"value": 0.10000000149011612
				},
				"m_bSimulationEnabled": { "type": "bool", "value": true },
				"m_aBodyParts": {
					"type": "TArray<SEntityTemplateReference>",
					"value": [
						"cafe3af4f92f954c",
						"cafe5d13bce7bc92",
						"cafe43ad76c7914d",
						"cafed16193eade76",
						"cafe22635c0e37f5",
						"cafe1b5db25c4625",
						"cafedb8aeb5c492b",
						"cafec5698ef1b01b",
						"cafe9860a5976257",
						"cafe700cf1e63295"
					],
					"postInit": true
				}
			}
		},
		"cafe3af4f92f954c": {
			"parent": "22ea5f8267450642",
			"name": "Head_47",
			"factory": "00537D16B5CE7286",
			"blueprint": "00F2E4A932ECAA63"
		},
		"cafed16193eade76": {
			"parent": "22ea5f8267450642",
			"name": "Pocket_Square_Flat_Suit_Open",
			"factory": "0078F513B83FB26D",
			"blueprint": "008BC192B36CD4AA",
			"properties": {
				"Diffuse_Hue_Shift_01_Value": {
					"type": "float32",
					"value": 0.0
				},
				"Diffuse_Color_01_Value": {
					"type": "SColorRGB",
					"value": "#ffffff"
				}
			}
		},
		"cafedb8aeb5c492b": {
			"parent": "22ea5f8267450642",
			"name": "Torso_Neck",
			"factory": "00D43167687E61AD",
			"blueprint": "007E9340AD2C2425"
		},
		"cafe43ad76c7914d": {
			"parent": "22ea5f8267450642",
			"name": "Hands",
			"factory": "009A6D9F7927FB89",
			"blueprint": "00F49463DEA8D412"
		},
		"cafe5d13bce7bc92": {
			"parent": "22ea5f8267450642",
			"name": "Belt_StrapBuckle",
			"factory": "0017355DDB3D75A3",
			"blueprint": "005F1B0540C7F863",
			"properties": {
				"Diffuse_Hue_Shift_01_Value": {
					"type": "float32",
					"value": 0.0
				},
				"Diffuse_Color_01_Value": {
					"type": "SColorRGB",
					"value": "#333333"
				},
				"Texture2D_03": {
					"type": "ZRuntimeResourceID",
					"value": {
						"resource": "0054AB44A0EAE8D0",
						"flag": "5F"
					}
				}
			}
		},
		"cafe1b5db25c4625": {
			"parent": "22ea5f8267450642",
			"name": "Socks_Ankle_Cut_Shoe",
			"factory": "00C50F4D59B78463",
			"blueprint": "0060BDFBAAFA9324",
			"properties": {
				"Diffuse_Hue_Shift_01_Value": {
					"type": "float32",
					"value": 0.0
				},
				"Diffuse_Color_01_Value": {
					"type": "SColorRGB",
					"value": "#4f4f4f"
				}
			}
		},
		"cafe22635c0e37f5": {
			"parent": "22ea5f8267450642",
			"name": "Shirt_Dress_BtnUp_Tkd_2open_Cut_Jacket",
			"factory": "00F15236FC53B0E8",
			"blueprint": "0076A4499F0A79F8",
			"properties": {
				"Diffuse_Color_01_Value": {
					"type": "SColorRGB",
					"value": "#ededed"
				},
				"Diffuse_Hue_Shift_01_Value": {
					"type": "float32",
					"value": 0.0
				},
				"Diffuse_Color_02_Value": {
					"type": "SColorRGB",
					"value": "#f4f4f4"
				}
			}
		},
		"cafec5698ef1b01b": {
			"parent": "22ea5f8267450642",
			"name": "Shoes_Derby_PlainToe_SquareTip",
			"factory": "0002AF51C3F2ECC9",
			"blueprint": "00C8130EBB5A0F37",
			"properties": {
				"Diffuse_Hue_Shift_01_Value": {
					"type": "float32",
					"value": 0.0
				},
				"Diffuse_Color_01_Value": {
					"type": "SColorRGB",
					"value": "#222222"
				},
				"Texture2D_01": {
					"type": "ZRuntimeResourceID",
					"value": {
						"resource": "00B455A2B8617F98",
						"flag": "5F"
					}
				},
				"Diffuse_Saturation_01_Value": {
					"type": "float32",
					"value": 0.0
				},
				"ConstantVector1D_01_Value": {
					"type": "float32",
					"value": 0.4000000059604645
				}
			}
		},
		"cafe9860a5976257": {
			"parent": "22ea5f8267450642",
			"name": "Jacket_Suit_Closed",
			"factory": "00718E7022DD2D4F",
			"blueprint": "008C67CEF6B4B06B",
			"properties": {
				"Texture2D_01": {
					"type": "ZRuntimeResourceID",
					"value": {
						"resource": "000D7A2135496A40",
						"flag": "5F"
					}
				},
				"ConstantVector1D_01_Value": {
					"type": "float32",
					"value": 0.5
				},
				"Diffuse_Color_01_Value": {
					"type": "SColorRGB",
					"value": "#222222"
				}
			}
		},
		"cafe700cf1e63295": {
			"parent": "22ea5f8267450642",
			"name": "Pants_Dress_Regular",
			"factory": "00324595397CC0A5",
			"blueprint": "00D58D62EFA4579E",
			"properties": {
				"Texture2D_01": {
					"type": "ZRuntimeResourceID",
					"value": {
						"resource": "00AF802D36A4241A",
						"flag": "5F"
					}
				},
				"ConstantVector1D_01_Value": {
					"type": "float32",
					"value": 0.5
				},
				"Diffuse_Color_01_Value": {
					"type": "SColorRGB",
					"value": "#222222"
				}
			}
		},
		"cafe53283395e7fd": {
			"parent": "22ea5f8267450642",
			"name": "FX_Hitman_Wet_Logic_Character",
			"factory": "0067CFB703A80787",
			"blueprint": "00AA88C960CD2080",
			"properties": {
				"HeadMaterialToOverride": {
					"type": "ZRuntimeResourceID",
					"value": {
						"resource": "009F7978C601815A",
						"flag": "5F"
					}
				},
				"HeadMaterialOverride": {
					"type": "TArray<SEntityTemplateReference>",
					"value": ["22ea5f8267450642"],
					"postInit": true
				}
			},
			"events": {
				"HitmanWetness": {
					"T": [
						"cafe87922eb3374f",
						"cafe5f7ba4cf42fe",
						"cafe4bca97255ec4",
						"cafe5fbb23176b07"
					]
				}
			}
		},
		"cafe4bca97255ec4": {
			"parent": "cafe53283395e7fd",
			"name": "Lerp roughness fabric",
			"factory": "[modules:/zmathlerp.class].pc_entitytype",
			"blueprint": "[modules:/zmathlerp.class].pc_entityblueprint",
			"properties": {
				"m_A": { "type": "float32", "value": 1.0 },
				"m_fT": { "type": "float32", "value": 0.0 },
				"m_B": { "type": "float32", "value": 2.0 }
			},
			"events": { "Lerp": { "ConstantVector1D_14_Value": [] } }
		},
		"cafe5f7ba4cf42fe": {
			"parent": "cafe53283395e7fd",
			"name": "Lerp bumpmap",
			"factory": "[modules:/zmathlerp.class].pc_entitytype",
			"blueprint": "[modules:/zmathlerp.class].pc_entityblueprint",
			"properties": {
				"m_fT": { "type": "float32", "value": 0.0 },
				"m_B": { "type": "float32", "value": 0.30000001192092896 }
			},
			"events": { "Lerp": { "ConstantVector1D_06_Value": [] } }
		},
		"cafe5fbb23176b07": {
			"parent": "cafe53283395e7fd",
			"name": "Lerp roughness other",
			"factory": "[modules:/zmathlerp.class].pc_entitytype",
			"blueprint": "[modules:/zmathlerp.class].pc_entityblueprint",
			"properties": {
				"m_B": { "type": "float32", "value": 0.4000000059604645 },
				"m_A": { "type": "float32", "value": 0.0 },
				"m_fT": { "type": "float32", "value": 0.0 }
			},
			"events": {
				"Lerp": {
					"ConstantVector1D_04_Value": [
						"cafedb8aeb5c492b",
						"cafe3af4f92f954c",
						"cafe43ad76c7914d",
						"cafe5d13bce7bc92"
					]
				}
			}
		},
		"cafe87922eb3374f": {
			"parent": "cafe53283395e7fd",
			"name": "Lerp albedo",
			"factory": "[modules:/zmathlerp.class].pc_entitytype",
			"blueprint": "[modules:/zmathlerp.class].pc_entityblueprint",
			"properties": {
				"m_fT": { "type": "float32", "value": 0.0 },
				"m_B": { "type": "float32", "value": 0.20000000298023224 }
			},
			"events": { "Lerp": { "ConstantVector1D_01_Value": [] } }
		}
	},
	"propertyOverrides": [],
	"overrideDeletes": [],
	"pinConnectionOverrides": [],
	"pinConnectionOverrideDeletes": [],
	"externalScenes": [],
	"subType": "template",
	"quickEntityVersion": 3.1,
	"extraFactoryDependencies": [
		{
			"resource": "[assembly:/_pro/characters/assets/individuals/paris/philip/textures/male_reg_philip_01_tie_01.texture?/specular_f.tex](ascolormap).pc_tex",
			"flag": "5F"
		},
		{
			"resource": "[assembly:/_pro/characters/assets/individuals/paris/philip/textures/male_reg_philip_01_tie_01.texture?/normal_a.tex](asnormalmap).pc_tex",
			"flag": "5F"
		},
		{ "resource": "00357C8C30F5EDF2", "flag": "5F" },
		{ "resource": "00324339E7353795", "flag": "5F" },
		{ "resource": "00C197DBB1B74FF6", "flag": "5F" },
		{ "resource": "007E2F6DB1068A8D", "flag": "5F" },
		{ "resource": "00AAD107E192CFAE", "flag": "5F" },
		{ "resource": "0063B05E0712FBB3", "flag": "5F" },
		{ "resource": "007D850436B0A092", "flag": "5F" },
		{ "resource": "00D247582859CA87", "flag": "5F" },
		{ "resource": "00D20CA72E352D16", "flag": "5F" },
		{ "resource": "001EE759F57B6DCE", "flag": "5F" },
		{ "resource": "0051A1136DC9485E", "flag": "5F" },
		{ "resource": "00E4CE86EE7A5CC2", "flag": "5F" },
		{ "resource": "00FFC5352D7A5D64", "flag": "5F" },
		{ "resource": "001083E516801F5E", "flag": "5F" },
		{ "resource": "002E38C4C7E4A025", "flag": "5F" },
		{ "resource": "00D8722973695FDC", "flag": "5F" },
		{ "resource": "00CCF189D80F8682", "flag": "5F" },
		{ "resource": "008352F84E1949F2", "flag": "5F" },
		{ "resource": "0062E48BEB6DF280", "flag": "5F" },
		{ "resource": "006A3CDF8C2ED4E6", "flag": "5F" },
		{ "resource": "006A40A918C06460", "flag": "5F" },
		{ "resource": "00B40E9503CF9271", "flag": "5F" }
	],
	"extraBlueprintDependencies": [],
	"comments": []
}
